<?xml version="1.0" encoding="UTF-8"?>
<!DOCTYPE hibernate-mapping PUBLIC 
    "-//Hibernate/Hibernate Mapping DTD 3.0//EN"
    "http://www.hibernate.org/dtd/hibernate-mapping-3.0.dtd">
<hibernate-mapping>
<class name="com.app.Product" table="product">
<id name="pid" column="pid"></id>
<property name="pName" type="java.lang.String" column="name"  length="20"></property>
<property name="brand" type="java.lang.String" column="brand"  length="20"></property>
<property name="price" type="java.lang.Float" column="price"  ></property>
</class>
</hibernate-mapping>